{"cameraMode":{"drawMode":0,"name":"Shaded","section":"Shading Mode"},"sceneLighting":true,"audioPlay":false,"sceneViewState":{"showFog":true,"showMaterialUpdate":true,"showSkybox":true,"showFlares":true,"showImageEffects":true,"showParticleSystems":true},"in2DMode":false,"pivot":{"x":2.9026546478271486,"y":-1.781233787536621,"z":-12.247575759887696},"rotation":{"x":0.6767929792404175,"y":0.001104351133108139,"z":-0.001015147427096963,"w":0.7361718416213989},"size":39.79707717895508,"orthographic":true}