{"cameraMode":{"drawMode":0,"name":"Shaded","section":"Shading Mode"},"sceneLighting":true,"audioPlay":false,"sceneViewState":{"showFog":true,"showMaterialUpdate":true,"showSkybox":true,"showFlares":true,"showImageEffects":true,"showParticleSystems":true},"in2DMode":false,"pivot":{"x":-15.81994915008545,"y":5.339062213897705,"z":-2.192202091217041},"rotation":{"x":0.0648617222905159,"y":0.24134930968284608,"z":-0.016172783449292184,"w":0.9681332111358643},"size":25.866981506347658,"orthographic":false}